USE susmitha;
CREATE TABLE KINGS(
KING_ID INT(10),
KING_NAME VARCHAR(50),
DYNASTY VARCHAR(50),
REIGN_START_YEAR INT(50),
REIGN_END_YEAR INT(50)
);
ALTER TABLE KINGS ADD PRIMARY KEY(KING_ID);
INSERT INTO KINGS VALUES(1,'ASHOK','MAURYA',-268,-232);
INSERT INTO KINGS VALUES(2,'CHANDRAGUPTA MAURYA','MAURYA',-321,-297);
INSERT INTO KINGS VALUES(3,'HARSHA','PUSHYABHUTI',606,647);
INSERT INTO KINGS VALUES(4,'AKBAR','MUGHAL',1556,1605);
INSERT INTO KINGS VALUES(5,'KRISHNADEVARAYA','VIJAYANAGARA',1509,1529);
INSERT INTO KINGS VALUES(6,'SAMUDRAGUPTA','GUPTA',335,380);
INSERT INTO KINGS VALUES(7,'RAJENDRA CHOLA','CHOLA',1014,1044);
INSERT INTO KINGS VALUES(8,'RAJARAJA CHOLA','CHOLA',985,1014);
INSERT INTO KINGS VALUES(9,'VIKRAMADITYA','GUPTA',380,415);

SELECT * FROM KINGS;

CREATE TABLE SPACECRAFTS(
CRAFT_ID INT(10) PRIMARY KEY,
CARFT_NAME VARCHAR(100),
CAPACITY INT(10),
SPEED_LIGHT_YEAR INT(10)
);
INSERT INTO SPACECRAFTS VALUES(1,'PUSHPAK VIMANA',50,300);
INSERT INTO SPACECRAFTS VALUES(2,'CHARIOT OF FIRE',30,200);
INSERT INTO SPACECRAFTS VALUES(3,'STAR VOYAGER',80,500);
INSERT INTO SPACECRAFTS VALUES(4,'COSMIC EAGEL',60,450);
INSERT INTO SPACECRAFTS VALUES(5,'GALAXY RIDER',40,350);
SELECT*FROM SPACECRAFTS;

CREATE TABLE UIVERSES(
UNIVERSE_ID INT(10) PRIMARY KEY,
UNIVERSE_NAME VARCHAR(50),
GALAXY_NAME VARCHAR(50),
DANGER_LEVEL INT(10)
);
INSERT INTO UIVERSES VALUES(1,'ANDROMEDA PRIME','ANDROMEDA',7);
INSERT INTO UIVERSES VALUES(2,'MILKY HAVEN','MILKY WAT',3);
INSERT INTO UIVERSES VALUES(3,'ORION EXPANSE','ORION',5);
INSERT INTO UIVERSES VALUES(4,'CENTAURI REALM','ALPHA CENTAURI',9);
INSERT INTO UIVERSES VALUES(5,'PEGASUS VOID','PEGASUS',6);
SELECT* FROM UIVERSES;

CREATE TABLE BOOKINGS(
BOOKING_ID INT(10) PRIMARY KEY,
KING_ID INT(10),
CRAFT_ID INT(10),
UNIVERSE_ID INT(10),
FOREIGN KEY(KING_ID) REFERENCES KINGS (KING_ID),
FOREIGN KEY(CRAFT_ID) REFERENCES SPACECRAFTS(CRAFT_ID),
FOREIGN KEY(UNIVERSE_ID) REFERENCES UIVERSES(UNIVERSE_ID),
BOOKING_DATE DATE,
TRAVEL_DATE DATE,
TICKET_PRICE INT(50)
);
INSERT INTO BOOKINGS VALUES(1,1,1,2,'2025-01-01','2025-02-01',5000);
INSERT INTO BOOKINGS VALUES(2,2,2,1,'2025-01-05','2025-02-05',7000);
INSERT INTO BOOKINGS VALUES(3,3,3,3,'2025-01-15','2025-02-15',9000);
INSERT INTO BOOKINGS VALUES(4,4,4,4,'2025-01-10','2025-02-10',12000);
INSERT INTO BOOKINGS VALUES(5,5,1,2,'2025-01-20','2025-02-20',4500);
INSERT INTO BOOKINGS VALUES(6,6,5,5,'2025-01-25','2025-02-25',8000);
INSERT INTO BOOKINGS VALUES(7,7,2,3,'2025-01-28','2025-02-28',9500);
INSERT INTO BOOKINGS VALUES(8,8,3,1,'2025-01-30','2025-03-01',11000);
INSERT INTO BOOKINGS VALUES(9,9,4,4,'2025-02-01','2025-03-01',10500);
SELECT * FROM BOOKINGS;

-- 1. KINGS BOOKED FOR CRAFTS WHOSE HAVING MORE CAPACITY THAN AVG CAPACITY OF ALL
SELECT K.KING_NAME FROM KINGS K
JOIN BOOKINGS B ON K.KING_ID=B.KING_ID
JOIN SPACECRAFTS S ON B.CRAFT_ID=S.CRAFT_ID
WHERE S.CAPACITY>(SELECT AVG(CAPACITY) FROM SPACECRAFTS);

 -- 2. UNIVERSES THAT ARE BOOKEDD BY MORE THAN ONE KING
SELECT U.UNIVERSE_NAME FROM UIVERSES U 
WHERE(
SELECT COUNT(DISTINCT B.KING_ID) 
FROM BOOKINGS B
WHERE B.UNIVERSE_ID=U.UNIVERSE_ID
)>1;

-- 3.KINGS BOOKED  FOR TICKETS MORE THAN AVG TICKET_PRICE OF ALL
SELECT K.KING_NAME,K.DYNASTY FROM KINGS K
JOIN BOOKINGS B ON K.KING_ID=B.KING_ID
WHERE B.TICKET_PRICE>(SELECT AVG(TICKET_PRICE) FROM BOOKINGS);

-- 4. CRAFTS THAT ARE NOT BOOKED BY MAURYA KINGS 
SELECT S.CARFT_NAME FROM SPACECRAFTS S 
WHERE S.CRAFT_ID NOT IN(
SELECT DISTINCT B.CRAFT_ID FROM BOOKINGS B
JOIN KINGS K ON B.KING_ID=K.KING_ID
WHERE K.DYNASTY='MAURYA'
);

ALTER TABLE UIVERSES ADD COLUMN DISCOVERY_YEAR INT;
UPDATE UIVERSES SET DISCOVERY_YEAR=1980 WHERE UNIVERSE_ID=1;
UPDATE UIVERSES SET DISCOVERY_YEAR=2001 WHERE UNIVERSE_ID=2;
UPDATE UIVERSES SET DISCOVERY_YEAR=2021 WHERE UNIVERSE_ID=3;
UPDATE UIVERSES SET DISCOVERY_YEAR=1999 WHERE UNIVERSE_ID=4;
UPDATE UIVERSES SET DISCOVERY_YEAR=1676 WHERE UNIVERSE_ID=5;
SELECT *FROM UIVERSES;

-- 5. UNIVERSES BOOKED BEFORE THE YEAR 2000 
SELECT K.KING_NAME FROM KINGS K
JOIN BOOKINGS B ON K.KING_ID=B.KING_ID
JOIN UIVERSES U ON B.UNIVERSE_ID=U.UNIVERSE_ID
WHERE U.DISCOVERY_YEAR<2000;

-- 6. CRAFTS HAVING CAPACITY EQUAL TO MAX CAPACITY 
SELECT CARFT_NAME FROM SPACECRAFTS WHERE CAPACITY=(SELECT MAX(CAPACITY) FROM SPACECRAFTS);

-- 7.  KINGS WHO BOOKED TICKETS CHEAPER THAN TICKET PRICE BY GUPTA DYNASTY
SELECT K.KING_ID,K.KING_NAME FROM KINGS K
JOIN BOOKINGS B ON K.KING_ID=B.KING_ID
WHERE B.TICKET_PRICE <ALL(SELECT B2.TICKET_PRICE FROM BOOKINGS B2
							JOIN KINGS K2 ON B2.KING_ID=K2.KING_ID
                            WHERE K2.DYNASTY='GUPTA'
);

-- 8.UNIVERSES THAT NEVER BOOKED BY ANY KING
SELECT U.UNIVERSE_NAME FROM UIVERSES U
WHERE U.UNIVERSE_ID NOT IN(SELECT UNIVERSE_ID FROM BOOKINGS);

-- 9. KING WHO BOOKED SPACECRAFT WITH MIN PRICE
SELECT K.KING_NAME FROM KINGS K
JOIN BOOKINGS B ON K.KING_ID=B.KING_ID
WHERE B.TICKET_PRICE=(SELECT MIN(TICKET_PRICE) FROM BOOKINGS);
 
--  10. SPACECRAFTS BOOKED TO SAME UNIVERSES THAT ASHOKA TRAVELED
-- DOUBTTT
SELECT S.CARFT_NAME FROM SPACECRAFTS S 
JOIN BOOKINGS B ON S.CRAFT_ID=B.CRAFT_ID
WHERE B.UNIVERSE_ID IN (SELECT B2.UNIVERSE_ID FROM BOOKINGS B2
						JOIN KINGS K ON B2.KING_ID=K.KING_ID
                        WHERE K.KING_NAME='ASHOKA' AND K.DYNASTY='MAURYA'
);

-- 11. 
SELECT U.UNIVERSE_NAME FROM UIVERSES U 
WHERE (SELECT AVG(B.TICKET_PRICE) FROM BOOKINGS B
		WHERE B.UNIVERSE_ID=U.UNIVERSE_ID)
        >(SELECT AVG(TICKET_PRICE) FROM BOOKINGS);

-- 12.  
SELECT K.KING_ID,K.KING_NAME FROM KINGS K
WHERE K.KING_ID NOT IN(SELECT B.KING_ID FROM BOOKINGS B
						JOIN SPACECRAFTS S ON B.CRAFT_ID=S.CRAFT_ID
                        WHERE S.CAPACITY<50);

-- 13. 
