USE susmitha;
CREATE TABLE KING(
KING_ID INT(10) PRIMARY KEY,
KING_NAME VARCHAR(50),
DYNASTY VARCHAR(50),
REIGN_START_YEAR INT(50),
REIGN_END_YEAR INT(50)
);
INSERT INTO KING VALUES(1,'ASHOKA','MAURYA',269,232);
INSERT INTO KING VALUES(2,'RAJENDRA','CHOLA',1012,1044);
INSERT INTO KING VALUES(3,'VIKRAMADITYA','GUPTA',375,415);
INSERT INTO KING VALUES(4,'PRITHVIRAJ','CHAUHAN',1178,1192);
INSERT INTO KING VALUES(5,'SAMUDRAGUPTA','GUPTA',330,380);
SELECT * FROM KING;

CREATE TABLE SPACECRAFT(
CRAFT_ID INT(10) PRIMARY KEY,
CARFT_NAME VARCHAR(100),
CAPACITY INT(10),
SPEED_LIGHT_YEAR INT(10)
);
INSERT INTO SPACECRAFT VALUES(101,'VOYAGER',120,80);
INSERT INTO SPACECRAFT VALUES(102,'STARHAWK',60,150);
INSERT INTO SPACECRAFT VALUES(103,'CELESTIA',80,65);
INSERT INTO SPACECRAFT VALUES(104,'EXPLORER',200,30);
SELECT * FROM SPACECRAFT;

CREATE TABLE UNIVERSES(
UNIVERSE_ID INT(10) PRIMARY KEY,
UNIVERSE_NAME VARCHAR(50),
GALAXY_NAME VARCHAR(50),
DANGER_LEVEL INT(10)
);
INSERT INTO UNIVERSES VALUES(1,'ANDROMEDA PRIME','ANDROMEDA',7);
INSERT INTO UNIVERSES VALUES(2,'MILKY HAVEN','MILKY WAT',3);
INSERT INTO UNIVERSES VALUES(3,'ORION EXPANSE','ORION',5);
INSERT INTO UNIVERSES VALUES(4,'CENTAURI REALM','ALPHA CENTAURI',9);
INSERT INTO UNIVERSES VALUES(5,'PEGASUS VOID','PEGASUS',6);
SELECT* FROM UNIVERSES;
DROP TABLE BOOKING;
CREATE TABLE BOOKING(
BOOKING_ID INT(10) PRIMARY KEY,
KING_ID INT(10),
CRAFT_ID INT(10),
UNIVERSE_ID INT(10),
FOREIGN KEY(KING_ID) REFERENCES KING(KING_ID),
FOREIGN KEY(CRAFT_ID) REFERENCES SPACECRAFT(CRAFT_ID),
FOREIGN KEY(UNIVERSE_ID) REFERENCES UNIVERSES(UNIVERSE_ID),
BOOKING_DATE DATE,
TRAVEL_DATE DATE,
TICKET_PRICE INT(50)
);
INSERT INTO BOOKING VALUES(5001,1,101,2,'2025-01-01','2025-01-15',8000);
INSERT INTO BOOKING VALUES(5002,2,104,1,'2025-02-10','2025-02-12',9500);
INSERT INTO BOOKING VALUES(5003,3,102,5,'2025-03-11','2025-03-27',12000);
INSERT INTO BOOKING VALUES(5004,4,103,4,'2025-05-01','2025-05-18',6000);
INSERT INTO BOOKING VALUES(5005,2,102,3,'2025-08-07','2025-08-22',11000);
INSERT INTO BOOKING VALUES(5006,3,101,5,'2026-01-26','2026-02-01',10000);
INSERT INTO BOOKING VALUES(5007,5,104,2,'2026-06-14','2026-06-16',9000);
INSERT INTO BOOKING VALUES(5008,1,103,3,'2026-09-23','2026-09-29',7000);
SELECT * FROM BOOKING;
   --                    LAB TASK - 08

-- 1.KINGS WHO EVER MADE A BOOKING IN ANY UNIVERSE 
SELECT DISTINCT K.KING_NAME FROM KING K JOIN BOOKING B ON K.KING_ID=B.KING_ID;

-- 2.SPACECRAFTS BOOKED BY ANY KING 
SELECT DISTINCT S.CARFT_NAME FROM SPACECRAFT S JOIN BOOKING B ON S.CRAFT_ID=B.CRAFT_ID;

-- 3.UNIVERSES WITH HIGH DANGER_LEVEL OR BOOKED AT LEAST ONE 
SELECT U.UNIVERSE_NAME FROM UNIVERSES U WHERE DANGER_LEVEL>5
UNION
SELECT U.UNIVERSE_NAME FROM UNIVERSES U JOIN BOOKINGS B ON U.UNIVERSE_ID=B.UNIVERSE_ID;

-- 4.KING FROM MAURYA DYNASTY WHO MADE BOOKING 
SELECT DISTINCT K.KING_NAME FROM KING K JOIN BOOKING B ON K.KING_ID=B.KING_ID WHERE K.DYNASTY='MAURYA';

-- 5.KING_ID WHO REIGNED BEFORE 1500 AND BOOKED ANDROMEDA GALAXY 
SELECT K.KING_ID,K.KING_NAME FROM KING K JOIN BOOKING B ON K.KING_ID=B.KING_ID
JOIN UNIVERSES U ON B.UNIVERSE_ID=U.UNIVERSE_ID
WHERE K.REIGN_END_YEAR <1500 AND U.GALAXY_NAME='ANDROMEDA';


-- 6 SPACECRAFTS BOOKED BY KINGS OF BOTH CHOLA AND VIKRAMADITYA DYNASTIES
SELECT S.CARFT_NAME FROM SPACECRAFT S JOIN BOOKING B ON S.CRAFT_ID=B.CRAFT_ID
JOIN KING K ON K.KING_ID=B.KING_ID
WHERE K.DYNASTY='CHOLA'
INTERSECT
SELECT S.CARFT_NAME FROM SPACECRAFT S JOIN BOOKING B ON S.CRAFT_ID=B.CRAFT_ID
JOIN KING K ON K.KING_ID=B.KING_ID
WHERE K.DYNASTY='VIKRAMADITYA';
-- USE NESTED
-- SELECT CRAFT_NAME FROM SPACECRAFT S WHERE S.CRAFT_ID IN ( SELECT B.CRAFT_ID FROM BOOKING B JOIN KING K ON K.KING_ID=B.KING_ID WHERE K.DYNASTY='CHOLA')


-- 7 UNIVERSES VISITED BY ANY KING EXCEPT MILKY WAY 
SELECT DISTINCT U.UNIVERSE_NAME FROM UNIVERSES U JOIN BOOKING B ON U.UNIVERSE_ID=B.UNIVERSE_ID WHERE U.GALAXY_NAME<>'MILKY WAT';

-- 8 KINGS WHO BOOKED SPACECRAFT WITH CPACITY>100 OR TRAVELED TO A UNIVERSE WITH DANGER_LEVEL 'CRITICAL'
SELECT DISTINCT K.KING_NAME FROM KING K JOIN BOOKING B ON K.KING_ID=B.KING_ID 
JOIN SPACECRAFT S ON B.CRAFT_ID=S.CRAFT_ID WHERE S.CAPACITY>100
UNION
SELECT DISTINCT K.KING_NAME FROM KING K JOIN BOOKING B ON K.KING_ID=B.KING_ID
JOIN UNIVERSES U ON B.UNIVERSE_ID=U.UNIVERSE_ID WHERE U.DANGER_LEVEL>7; 


--          LAB TASK - 09
-- 9_1 UNIVERSES BOOKED BY ANY KING 
SELECT DISTINCT U.UNIVERSE_NAME FROM UNIVERSES U JOIN BOOKING B ON U.UNIVERSE_ID=B.UNIVERSE_ID;

-- 9_2 SPACECRAFTS NEVER BOOKED BY ANY KING
SELECT S.CRAFT_ID FROM SPACECRAFT S WHERE S.CRAFT_ID NOT IN (SELECT CRAFT_ID FROM BOOKING);

-- 9_3  KINGS WHO REIGNED AFTER 1800 AND BELONG TO GUPTA DYNASTY
SELECT KING_NAME FROM KING K WHERE REIGN_START_YEAR>1800 AND DYNASTY='GUPTA';

-- 9_4 CRAFT NAMES WITH SPPED>60 LIGHTYEARS OR BOOKED FOR 2025 BUT NOT BOTH
(SELECT CARFT_NAME FROM SPACECRAFT WHERE SPEED_LIGHT_YEAR>60) UNION 
(SELECT S.CARFT_NAME FROM SPACECRAFT S JOIN BOOKING B ON S.CRAFT_ID=B.CRAFT_ID WHERE B.BOOKING_DATE=2025) EXCEPT
(SELECT S.CARFT_NAME FROM SPACECRAFT S JOIN BOOKING B ON S.CRAFT_ID=B.CRAFT_ID WHERE S.SPEED_LIGHT_YEAR>60 AND B.BOOKING_DATE=2025);

-- 9_5 KINGS WHO HAVE BOOKED ALL SPACECRAFTS
SELECT K.KING_NAME FROM KING K WHERE NOT EXISTS(SELECT * FROM SPACECRAFT S 
								WHERE NOT EXISTS(SELECT * FROM BOOKING B WHERE B.KING_ID=K.KING_ID AND B.CRAFT_ID=S.CRAFT_ID)
                                );
                                
-- 9_6 UNIVERSES VISITED BY KINGS FROM ATLEAST TWO DYNASTIES
SELECT U.UNIVERSE_NAME FROM UNIVERSES U JOIN BOOKING B ON U.UNIVERSE_ID=B.UNIVERSE_ID
JOIN KING K ON B.KING_ID=K.KING_ID
GROUP BY U.UNIVERSE_NAME
HAVING COUNT(DISTINCT K.DYNASTY)>=2; 

-- 9_7 KINGS WHO BOOKED UNIVERSES WITH BOTH HIGH AND CRITICAL DANGER_LEVELS
SELECT K.KING_NAME FROM KING K WHERE K.KING_ID IN (SELECT B.KING_ID FROM BOOKING B JOIN UNIVERSES U ON B.UNIVERSE_ID=U.UNIVERSE_ID
																				WHERE U.DANGER_LEVEL>5)
INTERSECT
SELECT K.KING_NAME FROM KING K WHERE K.KING_ID IN (SELECT B.KING_ID FROM BOOKING B JOIN UNIVERSES U ON B.UNIVERSE_ID=U.UNIVERSE_ID
																				WHERE U.DANGER_LEVEL>6);

-- 9_8 SPACECRAFTS BOOKED FOR PEGASUS GALAXY BUT NOT MILKY WAY 
SELECT DISTINCT S.CARFT_NAME FROM SPACECRAFT S JOIN BOOKING B ON S.CRAFT_ID=B.CRAFT_ID
JOIN UNIVERSES U ON B.UNIVERSE_ID=U.UNIVERSE_ID
WHERE U.GALAXY_NAME='PEGASUS'
EXCEPT
SELECT DISTINCT S.CARFT_NAME FROM SPACECRAFT S JOIN BOOKING B ON S.CRAFT_ID=B.CRAFT_ID
JOIN UNIVERSES U ON B.UNIVERSE_ID=U.UNIVERSE_ID
WHERE U.GALAXY_NAME='MILKY WAT';